,gender,race,parental_level_of_education,lunch,test_preparation_course,math_score,reading_score,writing_score,overall_result,math_result,reading_result,writing_result
0,female,group B,bachelor's degree,standard,none,72,72,74,Pass,Pass,Pass,Pass
1,female,group C,some college,standard,completed,69,90,88,Pass,Pass,Pass,Pass
2,female,group B,master's degree,standard,none,90,95,93,Pass,Pass,Pass,Pass
3,male,group A,associate's degree,free/reduced,none,47,57,44,Fail,Fail,Fail,Fail
4,male,group C,some college,standard,none,76,78,75,Pass,Pass,Pass,Pass
5,female,group B,associate's degree,standard,none,71,83,78,Pass,Pass,Pass,Pass
6,female,group B,some college,standard,completed,88,95,92,Pass,Pass,Pass,Pass
7,male,group B,some college,free/reduced,none,40,43,39,Fail,Fail,Fail,Fail
8,male,group D,high school,free/reduced,completed,64,64,67,Pass,Pass,Pass,Pass
9,female,group B,high school,free/reduced,none,38,60,50,Fail,Fail,Pass,Fail
10,male,group C,associate's degree,standard,none,58,54,52,Fail,Fail,Fail,Fail
11,male,group D,associate's degree,standard,none,40,52,43,Fail,Fail,Fail,Fail
12,female,group B,high school,standard,none,65,81,73,Pass,Pass,Pass,Pass
13,male,group A,some college,standard,completed,78,72,70,Pass,Pass,Pass,Pass
14,female,group A,master's degree,standard,none,50,53,58,Fail,Fail,Fail,Fail
15,female,group C,some high school,standard,none,69,75,78,Pass,Pass,Pass,Pass
16,male,group C,high school,standard,none,88,89,86,Pass,Pass,Pass,Pass
17,female,group B,some high school,free/reduced,none,18,32,28,Fail,Fail,Fail,Fail
18,male,group C,master's degree,free/reduced,completed,46,42,46,Fail,Fail,Fail,Fail
19,female,group C,associate's degree,free/reduced,none,54,58,61,Pass,Fail,Fail,Pass
20,male,group D,high school,standard,none,66,69,63,Pass,Pass,Pass,Pass
21,female,group B,some college,free/reduced,completed,65,75,70,Pass,Pass,Pass,Pass
22,male,group D,some college,standard,none,44,54,53,Fail,Fail,Fail,Fail
23,female,group C,some high school,standard,none,69,73,73,Pass,Pass,Pass,Pass
24,male,group D,bachelor's degree,free/reduced,completed,74,71,80,Pass,Pass,Pass,Pass
25,male,group A,master's degree,free/reduced,none,73,74,72,Pass,Pass,Pass,Pass
26,male,group B,some college,standard,none,69,54,55,Fail,Pass,Fail,Fail
27,female,group C,bachelor's degree,standard,none,67,69,75,Pass,Pass,Pass,Pass
28,male,group C,high school,standard,none,70,70,65,Pass,Pass,Pass,Pass
29,female,group D,master's degree,standard,none,62,70,75,Pass,Pass,Pass,Pass
30,female,group D,some college,standard,none,69,74,74,Pass,Pass,Pass,Pass
31,female,group B,some college,standard,none,63,65,61,Pass,Pass,Pass,Pass
32,female,group E,master's degree,free/reduced,none,56,72,65,Pass,Fail,Pass,Pass
33,male,group D,some college,standard,none,40,42,38,Fail,Fail,Fail,Fail
34,male,group E,some college,standard,none,97,87,82,Pass,Pass,Pass,Pass
35,male,group E,associate's degree,standard,completed,81,81,79,Pass,Pass,Pass,Pass
36,female,group D,associate's degree,standard,none,74,81,83,Pass,Pass,Pass,Pass
37,female,group D,some high school,free/reduced,none,50,64,59,Pass,Fail,Pass,Fail
38,female,group D,associate's degree,free/reduced,completed,75,90,88,Pass,Pass,Pass,Pass
39,male,group B,associate's degree,free/reduced,none,57,56,57,Fail,Fail,Fail,Fail
40,male,group C,associate's degree,free/reduced,none,55,61,54,Fail,Fail,Pass,Fail
41,female,group C,associate's degree,standard,none,58,73,68,Pass,Fail,Pass,Pass
42,female,group B,associate's degree,standard,none,53,58,65,Pass,Fail,Fail,Pass
43,male,group B,some college,free/reduced,completed,59,65,66,Pass,Fail,Pass,Pass
44,female,group E,associate's degree,free/reduced,none,50,56,54,Fail,Fail,Fail,Fail
45,male,group B,associate's degree,standard,none,65,54,57,Fail,Pass,Fail,Fail
46,female,group A,associate's degree,standard,completed,55,65,62,Pass,Fail,Pass,Pass
47,female,group C,high school,standard,none,66,71,76,Pass,Pass,Pass,Pass
48,female,group D,associate's degree,free/reduced,completed,57,74,76,Pass,Fail,Pass,Pass
49,male,group C,high school,standard,completed,82,84,82,Pass,Pass,Pass,Pass
50,male,group E,some college,standard,none,53,55,48,Fail,Fail,Fail,Fail
51,male,group E,associate's degree,free/reduced,completed,77,69,68,Pass,Pass,Pass,Pass
52,male,group C,some college,standard,none,53,44,42,Fail,Fail,Fail,Fail
53,male,group D,high school,standard,none,88,78,75,Pass,Pass,Pass,Pass
54,female,group C,some high school,free/reduced,completed,71,84,87,Pass,Pass,Pass,Pass
55,female,group C,high school,free/reduced,none,33,41,43,Fail,Fail,Fail,Fail
56,female,group E,associate's degree,standard,completed,82,85,86,Pass,Pass,Pass,Pass
57,male,group D,associate's degree,standard,none,52,55,49,Fail,Fail,Fail,Fail
58,male,group D,some college,standard,completed,58,59,58,Fail,Fail,Fail,Fail
59,female,group C,some high school,free/reduced,none,0,17,10,Fail,Fail,Fail,Fail
60,male,group E,bachelor's degree,free/reduced,completed,79,74,72,Pass,Pass,Pass,Pass
61,male,group A,some high school,free/reduced,none,39,39,34,Fail,Fail,Fail,Fail
62,male,group A,associate's degree,free/reduced,none,62,61,55,Fail,Pass,Pass,Fail
63,female,group C,associate's degree,standard,none,69,80,71,Pass,Pass,Pass,Pass
64,female,group D,some high school,standard,none,59,58,59,Fail,Fail,Fail,Fail
65,male,group B,some high school,standard,none,67,64,61,Pass,Pass,Pass,Pass
66,male,group D,some high school,free/reduced,none,45,37,37,Fail,Fail,Fail,Fail
67,female,group C,some college,standard,none,60,72,74,Pass,Pass,Pass,Pass
68,male,group B,associate's degree,free/reduced,none,61,58,56,Fail,Pass,Fail,Fail
69,female,group C,associate's degree,standard,none,39,64,57,Fail,Fail,Pass,Fail
70,female,group D,some college,free/reduced,completed,58,63,73,Pass,Fail,Pass,Pass
71,male,group D,some college,standard,completed,63,55,63,Pass,Pass,Fail,Pass
72,female,group A,associate's degree,free/reduced,none,41,51,48,Fail,Fail,Fail,Fail
73,male,group C,some high school,free/reduced,none,61,57,56,Fail,Pass,Fail,Fail
74,male,group C,some high school,standard,none,49,49,41,Fail,Fail,Fail,Fail
75,male,group B,associate's degree,free/reduced,none,44,41,38,Fail,Fail,Fail,Fail
76,male,group E,some high school,standard,none,30,26,22,Fail,Fail,Fail,Fail
77,male,group A,bachelor's degree,standard,completed,80,78,81,Pass,Pass,Pass,Pass
78,female,group D,some high school,standard,completed,61,74,72,Pass,Pass,Pass,Pass
79,female,group E,master's degree,standard,none,62,68,68,Pass,Pass,Pass,Pass
80,female,group B,associate's degree,standard,none,47,49,50,Fail,Fail,Fail,Fail
81,male,group B,high school,free/reduced,none,49,45,45,Fail,Fail,Fail,Fail
82,male,group A,some college,free/reduced,completed,50,47,54,Fail,Fail,Fail,Fail
83,male,group E,associate's degree,standard,none,72,64,63,Pass,Pass,Pass,Pass
84,male,group D,high school,free/reduced,none,42,39,34,Fail,Fail,Fail,Fail
85,female,group C,some college,standard,none,73,80,82,Pass,Pass,Pass,Pass
86,female,group C,some college,free/reduced,none,76,83,88,Pass,Pass,Pass,Pass
87,female,group D,associate's degree,standard,none,71,71,74,Pass,Pass,Pass,Pass
88,female,group A,some college,standard,none,58,70,67,Pass,Fail,Pass,Pass
89,female,group D,some high school,standard,none,73,86,82,Pass,Pass,Pass,Pass
90,female,group C,bachelor's degree,standard,none,65,72,74,Pass,Pass,Pass,Pass
91,male,group C,high school,free/reduced,none,27,34,36,Fail,Fail,Fail,Fail
92,male,group C,high school,standard,none,71,79,71,Pass,Pass,Pass,Pass
93,male,group C,associate's degree,free/reduced,completed,43,45,50,Fail,Fail,Fail,Fail
94,female,group B,some college,standard,none,79,86,92,Pass,Pass,Pass,Pass
95,male,group C,associate's degree,free/reduced,completed,78,81,82,Pass,Pass,Pass,Pass
96,male,group B,some high school,standard,completed,65,66,62,Pass,Pass,Pass,Pass
97,female,group E,some college,standard,completed,63,72,70,Pass,Pass,Pass,Pass
98,female,group D,some college,free/reduced,none,58,67,62,Pass,Fail,Pass,Pass
99,female,group D,bachelor's degree,standard,none,65,67,62,Pass,Pass,Pass,Pass
100,male,group B,some college,standard,none,79,67,67,Pass,Pass,Pass,Pass
101,male,group D,bachelor's degree,standard,completed,68,74,74,Pass,Pass,Pass,Pass
102,female,group D,associate's degree,standard,none,85,91,89,Pass,Pass,Pass,Pass
103,male,group B,high school,standard,completed,60,44,47,Fail,Pass,Fail,Fail
104,male,group C,some college,standard,completed,98,86,90,Pass,Pass,Pass,Pass
105,female,group C,some college,standard,none,58,67,72,Pass,Fail,Pass,Pass
106,female,group D,master's degree,standard,none,87,100,100,Pass,Pass,Pass,Pass
107,male,group E,associate's degree,standard,completed,66,63,64,Pass,Pass,Pass,Pass
108,female,group B,associate's degree,free/reduced,none,52,76,70,Pass,Fail,Pass,Pass
109,female,group B,some high school,standard,none,70,64,72,Pass,Pass,Pass,Pass
110,female,group D,associate's degree,free/reduced,completed,77,89,98,Pass,Pass,Pass,Pass
111,male,group C,high school,standard,none,62,55,49,Fail,Pass,Fail,Fail
112,male,group A,associate's degree,standard,none,54,53,47,Fail,Fail,Fail,Fail
113,female,group D,some college,standard,none,51,58,54,Fail,Fail,Fail,Fail
114,female,group E,bachelor's degree,standard,completed,99,100,100,Pass,Pass,Pass,Pass
115,male,group C,high school,standard,none,84,77,74,Pass,Pass,Pass,Pass
116,female,group B,bachelor's degree,free/reduced,none,75,85,82,Pass,Pass,Pass,Pass
117,female,group D,bachelor's degree,standard,none,78,82,79,Pass,Pass,Pass,Pass
118,female,group D,some high school,standard,none,51,63,61,Pass,Fail,Pass,Pass
119,female,group C,some college,standard,none,55,69,65,Pass,Fail,Pass,Pass
120,female,group C,bachelor's degree,standard,completed,79,92,89,Pass,Pass,Pass,Pass
121,male,group B,associate's degree,standard,completed,91,89,92,Pass,Pass,Pass,Pass
122,female,group C,some college,standard,completed,88,93,93,Pass,Pass,Pass,Pass
123,male,group D,high school,free/reduced,none,63,57,56,Fail,Pass,Fail,Fail
124,male,group E,some college,standard,none,83,80,73,Pass,Pass,Pass,Pass
125,female,group B,high school,standard,none,87,95,86,Pass,Pass,Pass,Pass
126,male,group B,some high school,standard,none,72,68,67,Pass,Pass,Pass,Pass
127,male,group D,some college,standard,completed,65,77,74,Pass,Pass,Pass,Pass
128,male,group D,master's degree,standard,none,82,82,74,Pass,Pass,Pass,Pass
129,female,group A,bachelor's degree,standard,none,51,49,51,Fail,Fail,Fail,Fail
130,male,group D,master's degree,standard,none,89,84,82,Pass,Pass,Pass,Pass
131,male,group C,some high school,free/reduced,completed,53,37,40,Fail,Fail,Fail,Fail
132,male,group E,some college,free/reduced,completed,87,74,70,Pass,Pass,Pass,Pass
133,female,group C,some college,standard,completed,75,81,84,Pass,Pass,Pass,Pass
134,male,group D,bachelor's degree,free/reduced,completed,74,79,75,Pass,Pass,Pass,Pass
135,male,group C,bachelor's degree,standard,none,58,55,48,Fail,Fail,Fail,Fail
136,male,group B,some high school,standard,completed,51,54,41,Fail,Fail,Fail,Fail
137,male,group E,high school,standard,none,70,55,56,Fail,Pass,Fail,Fail
138,female,group C,associate's degree,standard,none,59,66,67,Pass,Fail,Pass,Pass
139,male,group D,some college,standard,completed,71,61,69,Pass,Pass,Pass,Pass
140,female,group D,some high school,standard,none,76,72,71,Pass,Pass,Pass,Pass
141,female,group C,some college,free/reduced,none,59,62,64,Pass,Fail,Pass,Pass
142,female,group E,some college,free/reduced,completed,42,55,54,Fail,Fail,Fail,Fail
143,male,group A,high school,standard,none,57,43,47,Fail,Fail,Fail,Fail
144,male,group D,some college,standard,none,88,73,78,Pass,Pass,Pass,Pass
145,female,group C,some college,free/reduced,none,22,39,33,Fail,Fail,Fail,Fail
146,male,group B,some high school,standard,none,88,84,75,Pass,Pass,Pass,Pass
147,male,group C,associate's degree,free/reduced,none,73,68,66,Pass,Pass,Pass,Pass
148,female,group D,bachelor's degree,standard,completed,68,75,81,Pass,Pass,Pass,Pass
149,male,group E,associate's degree,free/reduced,completed,100,100,93,Pass,Pass,Pass,Pass
150,male,group A,some high school,standard,completed,62,67,69,Pass,Pass,Pass,Pass
151,male,group A,bachelor's degree,standard,none,77,67,68,Pass,Pass,Pass,Pass
152,female,group B,associate's degree,standard,completed,59,70,66,Pass,Fail,Pass,Pass
153,male,group D,bachelor's degree,standard,none,54,49,47,Fail,Fail,Fail,Fail
154,male,group D,some high school,standard,none,62,67,61,Pass,Pass,Pass,Pass
155,female,group C,some college,standard,completed,70,89,88,Pass,Pass,Pass,Pass
156,female,group E,high school,free/reduced,completed,66,74,78,Pass,Pass,Pass,Pass
157,male,group B,some college,free/reduced,none,60,60,60,Pass,Pass,Pass,Pass
158,female,group B,associate's degree,standard,completed,61,86,87,Pass,Pass,Pass,Pass
159,male,group D,associate's degree,free/reduced,none,66,62,64,Pass,Pass,Pass,Pass
160,male,group B,associate's degree,free/reduced,completed,82,78,74,Pass,Pass,Pass,Pass
161,female,group E,some college,free/reduced,completed,75,88,85,Pass,Pass,Pass,Pass
162,male,group B,master's degree,free/reduced,none,49,53,52,Fail,Fail,Fail,Fail
163,male,group C,high school,standard,none,52,53,49,Fail,Fail,Fail,Fail
164,female,group E,master's degree,standard,none,81,92,91,Pass,Pass,Pass,Pass
165,female,group C,bachelor's degree,standard,completed,96,100,100,Pass,Pass,Pass,Pass
166,male,group C,high school,free/reduced,completed,53,51,51,Fail,Fail,Fail,Fail
167,female,group B,master's degree,free/reduced,completed,58,76,78,Pass,Fail,Pass,Pass
168,female,group B,high school,standard,completed,68,83,78,Pass,Pass,Pass,Pass
169,female,group C,some college,free/reduced,completed,67,75,70,Pass,Pass,Pass,Pass
170,male,group A,high school,standard,completed,72,73,74,Pass,Pass,Pass,Pass
171,male,group E,some high school,standard,none,94,88,78,Pass,Pass,Pass,Pass
172,female,group D,some college,standard,none,79,86,81,Pass,Pass,Pass,Pass
173,female,group C,associate's degree,standard,none,63,67,70,Pass,Pass,Pass,Pass
174,female,group C,bachelor's degree,free/reduced,completed,43,51,54,Fail,Fail,Fail,Fail
175,female,group C,master's degree,standard,completed,81,91,87,Pass,Pass,Pass,Pass
176,female,group B,high school,free/reduced,completed,46,54,58,Fail,Fail,Fail,Fail
177,female,group C,associate's degree,standard,completed,71,77,77,Pass,Pass,Pass,Pass
178,female,group B,master's degree,free/reduced,completed,52,70,62,Pass,Fail,Pass,Pass
179,female,group D,some high school,standard,completed,97,100,100,Pass,Pass,Pass,Pass
180,male,group C,master's degree,free/reduced,completed,62,68,75,Pass,Pass,Pass,Pass
181,female,group C,some college,free/reduced,none,46,64,66,Pass,Fail,Pass,Pass
182,female,group E,high school,standard,none,50,50,47,Fail,Fail,Fail,Fail
183,female,group D,associate's degree,standard,none,65,69,70,Pass,Pass,Pass,Pass
184,male,group C,some high school,free/reduced,completed,45,52,49,Fail,Fail,Fail,Fail
185,male,group C,associate's degree,free/reduced,completed,65,67,65,Pass,Pass,Pass,Pass
186,male,group E,high school,standard,none,80,76,65,Pass,Pass,Pass,Pass
187,male,group D,some high school,standard,completed,62,66,68,Pass,Pass,Pass,Pass
188,male,group B,some high school,free/reduced,none,48,52,45,Fail,Fail,Fail,Fail
189,female,group C,bachelor's degree,standard,none,77,88,87,Pass,Pass,Pass,Pass
190,female,group E,associate's degree,standard,none,66,65,69,Pass,Pass,Pass,Pass
191,male,group D,some college,standard,completed,76,83,79,Pass,Pass,Pass,Pass
192,female,group B,some high school,standard,none,62,64,66,Pass,Pass,Pass,Pass
193,male,group D,some college,standard,completed,77,62,62,Pass,Pass,Pass,Pass
194,female,group C,master's degree,standard,completed,69,84,85,Pass,Pass,Pass,Pass
195,male,group D,associate's degree,standard,none,61,55,52,Fail,Pass,Fail,Fail
196,male,group C,some high school,free/reduced,completed,59,69,65,Pass,Fail,Pass,Pass
197,male,group E,high school,free/reduced,none,55,56,51,Fail,Fail,Fail,Fail
198,female,group B,some college,free/reduced,none,45,53,55,Fail,Fail,Fail,Fail
199,female,group B,bachelor's degree,free/reduced,none,78,79,76,Pass,Pass,Pass,Pass
200,female,group C,associate's degree,standard,completed,67,84,86,Pass,Pass,Pass,Pass
201,female,group D,some college,free/reduced,none,65,81,77,Pass,Pass,Pass,Pass
202,male,group C,associate's degree,standard,none,69,77,69,Pass,Pass,Pass,Pass
203,female,group B,associate's degree,standard,none,57,69,68,Pass,Fail,Pass,Pass
204,male,group C,some college,standard,none,59,41,42,Fail,Fail,Fail,Fail
205,male,group D,some high school,standard,completed,74,71,78,Pass,Pass,Pass,Pass
206,male,group E,bachelor's degree,standard,none,82,62,62,Pass,Pass,Pass,Pass
207,male,group E,high school,standard,completed,81,80,76,Pass,Pass,Pass,Pass
208,female,group B,some college,free/reduced,none,74,81,76,Pass,Pass,Pass,Pass
209,female,group B,some college,free/reduced,none,58,61,66,Pass,Fail,Pass,Pass
210,male,group D,some high school,free/reduced,completed,80,79,79,Pass,Pass,Pass,Pass
211,male,group C,some college,free/reduced,none,35,28,27,Fail,Fail,Fail,Fail
212,female,group C,high school,free/reduced,none,42,62,60,Pass,Fail,Pass,Pass
213,male,group C,associate's degree,free/reduced,completed,60,51,56,Fail,Pass,Fail,Fail
214,male,group E,high school,standard,completed,87,91,81,Pass,Pass,Pass,Pass
215,male,group B,some high school,standard,completed,84,83,75,Pass,Pass,Pass,Pass
216,female,group E,associate's degree,free/reduced,completed,83,86,88,Pass,Pass,Pass,Pass
217,female,group C,high school,free/reduced,none,34,42,39,Fail,Fail,Fail,Fail
218,male,group B,high school,free/reduced,none,66,77,70,Pass,Pass,Pass,Pass
219,male,group B,some high school,standard,completed,61,56,56,Fail,Pass,Fail,Fail
220,female,group D,high school,standard,completed,56,68,74,Pass,Fail,Pass,Pass
221,male,group B,associate's degree,standard,none,87,85,73,Pass,Pass,Pass,Pass
222,female,group C,some high school,free/reduced,none,55,65,62,Pass,Fail,Pass,Pass
223,male,group D,some high school,standard,none,86,80,75,Pass,Pass,Pass,Pass
224,female,group B,associate's degree,standard,completed,52,66,73,Pass,Fail,Pass,Pass
225,female,group E,master's degree,free/reduced,none,45,56,54,Fail,Fail,Fail,Fail
226,female,group C,some college,standard,none,72,72,71,Pass,Pass,Pass,Pass
227,male,group D,high school,standard,none,57,50,54,Fail,Fail,Fail,Fail
228,male,group A,some high school,free/reduced,none,68,72,64,Pass,Pass,Pass,Pass
229,female,group C,some college,standard,completed,88,95,94,Pass,Pass,Pass,Pass
230,male,group D,some college,standard,none,76,64,66,Pass,Pass,Pass,Pass
231,male,group C,associate's degree,standard,none,46,43,42,Fail,Fail,Fail,Fail
232,female,group B,bachelor's degree,standard,none,67,86,83,Pass,Pass,Pass,Pass
233,male,group E,some high school,standard,none,92,87,78,Pass,Pass,Pass,Pass
234,male,group C,bachelor's degree,standard,completed,83,82,84,Pass,Pass,Pass,Pass
235,male,group D,associate's degree,standard,none,80,75,77,Pass,Pass,Pass,Pass
236,male,group D,bachelor's degree,free/reduced,none,63,66,67,Pass,Pass,Pass,Pass
237,female,group D,some high school,standard,completed,64,60,74,Pass,Pass,Pass,Pass
238,male,group B,some college,standard,none,54,52,51,Fail,Fail,Fail,Fail
239,male,group C,associate's degree,standard,none,84,80,80,Pass,Pass,Pass,Pass
240,male,group D,high school,free/reduced,completed,73,68,66,Pass,Pass,Pass,Pass
241,female,group E,bachelor's degree,standard,none,80,83,83,Pass,Pass,Pass,Pass
242,female,group D,high school,standard,none,56,52,55,Fail,Fail,Fail,Fail
243,male,group E,some college,standard,none,59,51,43,Fail,Fail,Fail,Fail
244,male,group D,some high school,standard,none,75,74,69,Pass,Pass,Pass,Pass
245,male,group C,associate's degree,standard,none,85,76,71,Pass,Pass,Pass,Pass
246,male,group E,associate's degree,standard,none,89,76,74,Pass,Pass,Pass,Pass
247,female,group B,high school,standard,completed,58,70,68,Pass,Fail,Pass,Pass
248,female,group B,high school,standard,none,65,64,62,Pass,Pass,Pass,Pass
249,male,group C,high school,standard,none,68,60,53,Fail,Pass,Pass,Fail
250,male,group A,some high school,standard,completed,47,49,49,Fail,Fail,Fail,Fail
251,female,group D,some college,free/reduced,none,71,83,83,Pass,Pass,Pass,Pass
252,female,group B,some high school,standard,completed,60,70,70,Pass,Pass,Pass,Pass
253,male,group D,master's degree,standard,none,80,80,72,Pass,Pass,Pass,Pass
254,male,group D,high school,standard,none,54,52,52,Fail,Fail,Fail,Fail
255,female,group E,some college,standard,none,62,73,70,Pass,Pass,Pass,Pass
256,female,group C,associate's degree,free/reduced,none,64,73,68,Pass,Pass,Pass,Pass
257,male,group C,associate's degree,standard,completed,78,77,77,Pass,Pass,Pass,Pass
258,female,group B,some college,standard,none,70,75,78,Pass,Pass,Pass,Pass
259,female,group C,master's degree,free/reduced,completed,65,81,81,Pass,Pass,Pass,Pass
260,female,group C,some high school,free/reduced,completed,64,79,77,Pass,Pass,Pass,Pass
261,male,group C,some college,standard,completed,79,79,78,Pass,Pass,Pass,Pass
262,female,group C,some high school,free/reduced,none,44,50,51,Fail,Fail,Fail,Fail
263,female,group E,high school,standard,none,99,93,90,Pass,Pass,Pass,Pass
264,male,group D,high school,standard,none,76,73,68,Pass,Pass,Pass,Pass
265,male,group D,some high school,free/reduced,none,59,42,41,Fail,Fail,Fail,Fail
266,female,group C,bachelor's degree,standard,none,63,75,81,Pass,Pass,Pass,Pass
267,female,group D,high school,standard,none,69,72,77,Pass,Pass,Pass,Pass
268,female,group D,associate's degree,standard,completed,88,92,95,Pass,Pass,Pass,Pass
269,female,group E,some college,free/reduced,none,71,76,70,Pass,Pass,Pass,Pass
270,male,group C,bachelor's degree,standard,none,69,63,61,Pass,Pass,Pass,Pass
271,male,group C,some college,standard,none,58,49,42,Fail,Fail,Fail,Fail
272,female,group D,associate's degree,free/reduced,none,47,53,58,Fail,Fail,Fail,Fail
273,female,group D,some college,standard,none,65,70,71,Pass,Pass,Pass,Pass
274,male,group B,some college,standard,completed,88,85,76,Pass,Pass,Pass,Pass
275,male,group C,bachelor's degree,standard,none,83,78,73,Pass,Pass,Pass,Pass
276,female,group C,some high school,standard,completed,85,92,93,Pass,Pass,Pass,Pass
277,female,group E,high school,standard,completed,59,63,75,Pass,Fail,Pass,Pass
278,female,group C,some high school,free/reduced,none,65,86,80,Pass,Pass,Pass,Pass
279,male,group B,bachelor's degree,free/reduced,none,73,56,57,Fail,Pass,Fail,Fail
280,male,group D,high school,standard,none,53,52,42,Fail,Fail,Fail,Fail
281,male,group D,high school,standard,none,45,48,46,Fail,Fail,Fail,Fail
282,female,group D,bachelor's degree,free/reduced,none,73,79,84,Pass,Pass,Pass,Pass
283,female,group D,some college,free/reduced,completed,70,78,78,Pass,Pass,Pass,Pass
284,female,group B,some high school,standard,none,37,46,46,Fail,Fail,Fail,Fail
285,male,group B,associate's degree,standard,completed,81,82,82,Pass,Pass,Pass,Pass
286,male,group E,associate's degree,standard,completed,97,82,88,Pass,Pass,Pass,Pass
287,female,group B,some high school,standard,none,67,89,82,Pass,Pass,Pass,Pass
288,male,group B,bachelor's degree,free/reduced,none,88,75,76,Pass,Pass,Pass,Pass
289,male,group E,some high school,standard,completed,77,76,77,Pass,Pass,Pass,Pass
290,male,group C,associate's degree,standard,none,76,70,68,Pass,Pass,Pass,Pass
291,male,group D,some high school,standard,none,86,73,70,Pass,Pass,Pass,Pass
292,male,group C,some high school,standard,completed,63,60,57,Fail,Pass,Pass,Fail
293,female,group E,bachelor's degree,standard,none,65,73,75,Pass,Pass,Pass,Pass
294,male,group D,high school,free/reduced,completed,78,77,80,Pass,Pass,Pass,Pass
295,male,group B,associate's degree,free/reduced,none,67,62,60,Pass,Pass,Pass,Pass
296,male,group A,some high school,standard,completed,46,41,43,Fail,Fail,Fail,Fail
297,male,group E,associate's degree,standard,completed,71,74,68,Pass,Pass,Pass,Pass
298,male,group C,high school,free/reduced,completed,40,46,50,Fail,Fail,Fail,Fail
299,male,group D,associate's degree,free/reduced,none,90,87,75,Pass,Pass,Pass,Pass
300,male,group A,some college,free/reduced,completed,81,78,81,Pass,Pass,Pass,Pass
301,male,group D,some high school,free/reduced,none,56,54,52,Fail,Fail,Fail,Fail
302,female,group C,associate's degree,standard,completed,67,84,81,Pass,Pass,Pass,Pass
303,male,group B,associate's degree,standard,none,80,76,64,Pass,Pass,Pass,Pass
304,female,group C,associate's degree,standard,completed,74,75,83,Pass,Pass,Pass,Pass
305,male,group A,some college,standard,none,69,67,69,Pass,Pass,Pass,Pass
306,male,group E,some college,standard,completed,99,87,81,Pass,Pass,Pass,Pass
307,male,group C,some high school,standard,none,51,52,44,Fail,Fail,Fail,Fail
308,female,group B,associate's degree,free/reduced,none,53,71,67,Pass,Fail,Pass,Pass
309,female,group D,high school,free/reduced,none,49,57,52,Fail,Fail,Fail,Fail
310,female,group B,associate's degree,standard,none,73,76,80,Pass,Pass,Pass,Pass
311,male,group B,bachelor's degree,standard,none,66,60,57,Fail,Pass,Pass,Fail
312,male,group D,bachelor's degree,standard,completed,67,61,68,Pass,Pass,Pass,Pass
313,female,group C,associate's degree,free/reduced,completed,68,67,69,Pass,Pass,Pass,Pass
314,female,group C,bachelor's degree,standard,completed,59,64,75,Pass,Fail,Pass,Pass
315,male,group C,high school,standard,none,71,66,65,Pass,Pass,Pass,Pass
316,female,group D,master's degree,standard,completed,77,82,91,Pass,Pass,Pass,Pass
317,male,group C,associate's degree,standard,none,83,72,78,Pass,Pass,Pass,Pass
318,male,group B,bachelor's degree,standard,none,63,71,69,Pass,Pass,Pass,Pass
319,female,group D,associate's degree,free/reduced,none,56,65,63,Pass,Fail,Pass,Pass
320,female,group C,high school,free/reduced,completed,67,79,84,Pass,Pass,Pass,Pass
321,female,group E,high school,standard,none,75,86,79,Pass,Pass,Pass,Pass
322,female,group C,some college,standard,none,71,81,80,Pass,Pass,Pass,Pass
323,female,group C,some high school,free/reduced,none,43,53,53,Fail,Fail,Fail,Fail
324,female,group C,high school,free/reduced,none,41,46,43,Fail,Fail,Fail,Fail
325,female,group C,some college,standard,none,82,90,94,Pass,Pass,Pass,Pass
326,male,group C,some college,standard,none,61,61,62,Pass,Pass,Pass,Pass
327,male,group A,some college,free/reduced,none,28,23,19,Fail,Fail,Fail,Fail
328,male,group C,associate's degree,standard,completed,82,75,77,Pass,Pass,Pass,Pass
329,female,group B,some high school,standard,none,41,55,51,Fail,Fail,Fail,Fail
330,male,group C,high school,standard,none,71,60,61,Pass,Pass,Pass,Pass
331,male,group C,associate's degree,standard,none,47,37,35,Fail,Fail,Fail,Fail
332,male,group E,associate's degree,standard,completed,62,56,53,Fail,Pass,Fail,Fail
333,male,group B,associate's degree,standard,none,90,78,81,Pass,Pass,Pass,Pass
334,female,group C,bachelor's degree,standard,none,83,93,95,Pass,Pass,Pass,Pass
335,female,group B,some college,free/reduced,none,61,68,66,Pass,Pass,Pass,Pass
336,male,group D,some high school,standard,completed,76,70,69,Pass,Pass,Pass,Pass
337,male,group C,associate's degree,standard,none,49,51,43,Fail,Fail,Fail,Fail
338,female,group B,some high school,free/reduced,none,24,38,27,Fail,Fail,Fail,Fail
339,female,group D,some high school,free/reduced,completed,35,55,60,Fail,Fail,Fail,Pass
340,male,group C,high school,free/reduced,none,58,61,52,Fail,Fail,Pass,Fail
341,female,group C,high school,standard,none,61,73,63,Pass,Pass,Pass,Pass
342,female,group B,high school,standard,completed,69,76,74,Pass,Pass,Pass,Pass
343,male,group D,associate's degree,standard,completed,67,72,67,Pass,Pass,Pass,Pass
344,male,group D,some college,standard,none,79,73,67,Pass,Pass,Pass,Pass
345,female,group C,high school,standard,none,72,80,75,Pass,Pass,Pass,Pass
346,male,group B,some college,standard,none,62,61,57,Fail,Pass,Pass,Fail
347,female,group C,bachelor's degree,standard,completed,77,94,95,Pass,Pass,Pass,Pass
348,male,group D,high school,free/reduced,none,75,74,66,Pass,Pass,Pass,Pass
349,male,group E,associate's degree,standard,none,87,74,76,Pass,Pass,Pass,Pass
350,female,group B,bachelor's degree,standard,none,52,65,69,Pass,Fail,Pass,Pass
351,male,group E,some college,standard,none,66,57,52,Fail,Pass,Fail,Fail
352,female,group C,some college,standard,completed,63,78,80,Pass,Pass,Pass,Pass
353,female,group C,associate's degree,standard,none,46,58,57,Fail,Fail,Fail,Fail
354,female,group C,some college,standard,none,59,71,70,Pass,Fail,Pass,Pass
355,female,group B,bachelor's degree,standard,none,61,72,70,Pass,Pass,Pass,Pass
356,male,group A,associate's degree,standard,none,63,61,61,Pass,Pass,Pass,Pass
357,female,group C,some college,free/reduced,completed,42,66,69,Pass,Fail,Pass,Pass
358,male,group D,some college,free/reduced,none,59,62,61,Pass,Fail,Pass,Pass
359,female,group D,some college,standard,none,80,90,89,Pass,Pass,Pass,Pass
360,female,group B,high school,standard,none,58,62,59,Pass,Fail,Pass,Fail
361,male,group B,some high school,standard,completed,85,84,78,Pass,Pass,Pass,Pass
362,female,group C,some college,standard,none,52,58,58,Fail,Fail,Fail,Fail
363,female,group D,some high school,free/reduced,none,27,34,32,Fail,Fail,Fail,Fail
364,male,group C,some college,standard,none,59,60,58,Fail,Fail,Pass,Fail
365,male,group A,bachelor's degree,free/reduced,completed,49,58,60,Fail,Fail,Fail,Pass
366,male,group C,high school,standard,completed,69,58,53,Fail,Pass,Fail,Fail
367,male,group C,bachelor's degree,free/reduced,none,61,66,61,Pass,Pass,Pass,Pass
368,female,group A,some high school,free/reduced,none,44,64,58,Pass,Fail,Pass,Fail
369,female,group D,some high school,standard,none,73,84,85,Pass,Pass,Pass,Pass
370,male,group E,some college,standard,none,84,77,71,Pass,Pass,Pass,Pass
371,female,group C,some college,free/reduced,completed,45,73,70,Pass,Fail,Pass,Pass
372,male,group D,some high school,standard,none,74,74,72,Pass,Pass,Pass,Pass
373,female,group D,some college,standard,completed,82,97,96,Pass,Pass,Pass,Pass
374,female,group D,bachelor's degree,standard,none,59,70,73,Pass,Fail,Pass,Pass
375,male,group E,associate's degree,free/reduced,none,46,43,41,Fail,Fail,Fail,Fail
376,female,group D,some high school,standard,none,80,90,82,Pass,Pass,Pass,Pass
377,female,group D,master's degree,free/reduced,completed,85,95,100,Pass,Pass,Pass,Pass
378,female,group A,some high school,standard,none,71,83,77,Pass,Pass,Pass,Pass
379,male,group A,bachelor's degree,standard,none,66,64,62,Pass,Pass,Pass,Pass
380,female,group B,associate's degree,standard,none,80,86,83,Pass,Pass,Pass,Pass
381,male,group C,associate's degree,standard,completed,87,100,95,Pass,Pass,Pass,Pass
382,male,group C,master's degree,free/reduced,none,79,81,71,Pass,Pass,Pass,Pass
383,female,group E,some high school,free/reduced,none,38,49,45,Fail,Fail,Fail,Fail
384,female,group A,some high school,free/reduced,none,38,43,43,Fail,Fail,Fail,Fail
385,female,group E,some college,standard,none,67,76,75,Pass,Pass,Pass,Pass
386,female,group E,bachelor's degree,standard,none,64,73,70,Pass,Pass,Pass,Pass
387,female,group C,associate's degree,free/reduced,none,57,78,67,Pass,Fail,Pass,Pass
388,female,group D,high school,standard,none,62,64,64,Pass,Pass,Pass,Pass
389,male,group D,master's degree,standard,none,73,70,75,Pass,Pass,Pass,Pass
390,male,group E,some high school,free/reduced,completed,73,67,59,Pass,Pass,Pass,Fail
391,female,group D,some college,standard,none,77,68,77,Pass,Pass,Pass,Pass
392,male,group E,some college,standard,none,76,67,67,Pass,Pass,Pass,Pass
393,male,group C,associate's degree,standard,completed,57,54,56,Fail,Fail,Fail,Fail
394,female,group C,some high school,standard,completed,65,74,77,Pass,Pass,Pass,Pass
395,male,group A,high school,free/reduced,none,48,45,41,Fail,Fail,Fail,Fail
396,female,group B,high school,free/reduced,none,50,67,63,Pass,Fail,Pass,Pass
397,female,group C,associate's degree,standard,none,85,89,95,Pass,Pass,Pass,Pass
398,male,group B,some high school,standard,none,74,63,57,Fail,Pass,Pass,Fail
399,male,group D,some high school,standard,none,60,59,54,Fail,Pass,Fail,Fail
400,female,group C,some high school,standard,completed,59,54,67,Pass,Fail,Fail,Pass
401,male,group A,some college,standard,none,53,43,43,Fail,Fail,Fail,Fail
402,female,group A,some college,free/reduced,none,49,65,55,Fail,Fail,Pass,Fail
403,female,group D,high school,standard,completed,88,99,100,Pass,Pass,Pass,Pass
404,female,group C,high school,standard,none,54,59,62,Pass,Fail,Fail,Pass
405,female,group C,some high school,standard,none,63,73,68,Pass,Pass,Pass,Pass
406,male,group B,associate's degree,standard,completed,65,65,63,Pass,Pass,Pass,Pass
407,female,group B,associate's degree,standard,none,82,80,77,Pass,Pass,Pass,Pass
408,female,group D,high school,free/reduced,completed,52,57,56,Fail,Fail,Fail,Fail
409,male,group D,associate's degree,standard,completed,87,84,85,Pass,Pass,Pass,Pass
410,female,group D,master's degree,standard,completed,70,71,74,Pass,Pass,Pass,Pass
411,male,group E,some college,standard,completed,84,83,78,Pass,Pass,Pass,Pass
412,male,group D,associate's degree,standard,none,71,66,60,Pass,Pass,Pass,Pass
413,male,group B,some high school,standard,completed,63,67,67,Pass,Pass,Pass,Pass
414,female,group C,bachelor's degree,free/reduced,completed,51,72,79,Pass,Fail,Pass,Pass
415,male,group E,high school,standard,none,84,73,69,Pass,Pass,Pass,Pass
416,male,group C,bachelor's degree,standard,completed,71,74,68,Pass,Pass,Pass,Pass
417,male,group C,associate's degree,standard,none,74,73,67,Pass,Pass,Pass,Pass
418,male,group D,some college,standard,none,68,59,62,Pass,Pass,Fail,Pass
419,male,group E,high school,free/reduced,completed,57,56,54,Fail,Fail,Fail,Fail
420,female,group C,associate's degree,free/reduced,completed,82,93,93,Pass,Pass,Pass,Pass
421,female,group D,high school,standard,completed,57,58,64,Pass,Fail,Fail,Pass
422,female,group D,master's degree,free/reduced,completed,47,58,67,Pass,Fail,Fail,Pass
423,female,group A,some high school,standard,completed,59,85,80,Pass,Fail,Pass,Pass
424,male,group B,some college,free/reduced,none,41,39,34,Fail,Fail,Fail,Fail
425,female,group C,some college,free/reduced,none,62,67,62,Pass,Pass,Pass,Pass
426,male,group C,bachelor's degree,standard,none,86,83,86,Pass,Pass,Pass,Pass
427,male,group C,some high school,free/reduced,none,69,71,65,Pass,Pass,Pass,Pass
428,male,group A,some high school,free/reduced,none,65,59,53,Fail,Pass,Fail,Fail
429,male,group C,some high school,free/reduced,none,68,63,54,Fail,Pass,Pass,Fail
430,male,group C,associate's degree,free/reduced,none,64,66,59,Pass,Pass,Pass,Fail
431,female,group C,high school,standard,none,61,72,70,Pass,Pass,Pass,Pass
432,male,group C,high school,standard,none,61,56,55,Fail,Pass,Fail,Fail
433,female,group A,some high school,free/reduced,none,47,59,50,Fail,Fail,Fail,Fail
434,male,group C,some high school,standard,none,73,66,66,Pass,Pass,Pass,Pass
435,male,group C,some college,free/reduced,completed,50,48,53,Fail,Fail,Fail,Fail
436,male,group D,associate's degree,standard,none,75,68,64,Pass,Pass,Pass,Pass
437,male,group D,associate's degree,free/reduced,none,75,66,73,Pass,Pass,Pass,Pass
438,male,group C,high school,standard,none,70,56,51,Fail,Pass,Fail,Fail
439,male,group D,some high school,standard,completed,89,88,82,Pass,Pass,Pass,Pass
440,female,group C,some college,standard,completed,67,81,79,Pass,Pass,Pass,Pass
441,female,group D,high school,standard,none,78,81,80,Pass,Pass,Pass,Pass
442,female,group A,some high school,free/reduced,none,59,73,69,Pass,Fail,Pass,Pass
443,female,group B,associate's degree,standard,none,73,83,76,Pass,Pass,Pass,Pass
444,male,group A,some high school,free/reduced,none,79,82,73,Pass,Pass,Pass,Pass
445,female,group C,some high school,standard,completed,67,74,77,Pass,Pass,Pass,Pass
446,male,group D,some college,free/reduced,none,69,66,60,Pass,Pass,Pass,Pass
447,male,group C,high school,standard,completed,86,81,80,Pass,Pass,Pass,Pass
448,male,group B,high school,standard,none,47,46,42,Fail,Fail,Fail,Fail
449,male,group B,associate's degree,standard,none,81,73,72,Pass,Pass,Pass,Pass
450,female,group C,some college,free/reduced,completed,64,85,85,Pass,Pass,Pass,Pass
451,female,group E,some college,standard,none,100,92,97,Pass,Pass,Pass,Pass
452,female,group C,associate's degree,free/reduced,none,65,77,74,Pass,Pass,Pass,Pass
453,male,group C,some college,free/reduced,none,65,58,49,Fail,Pass,Fail,Fail
454,female,group C,associate's degree,free/reduced,none,53,61,62,Pass,Fail,Pass,Pass
455,male,group C,bachelor's degree,free/reduced,none,37,56,47,Fail,Fail,Fail,Fail
456,female,group D,bachelor's degree,standard,none,79,89,89,Pass,Pass,Pass,Pass
457,male,group D,associate's degree,free/reduced,none,53,54,48,Fail,Fail,Fail,Fail
458,female,group E,bachelor's degree,standard,none,100,100,100,Pass,Pass,Pass,Pass
459,male,group B,high school,standard,completed,72,65,68,Pass,Pass,Pass,Pass
460,male,group C,bachelor's degree,free/reduced,none,53,58,55,Fail,Fail,Fail,Fail
461,male,group B,some college,free/reduced,none,54,54,45,Fail,Fail,Fail,Fail
462,female,group E,some college,standard,none,71,70,76,Pass,Pass,Pass,Pass
463,female,group C,some college,free/reduced,none,77,90,91,Pass,Pass,Pass,Pass
464,male,group A,bachelor's degree,standard,completed,75,58,62,Pass,Pass,Fail,Pass
465,female,group C,some college,standard,none,84,87,91,Pass,Pass,Pass,Pass
466,female,group D,associate's degree,free/reduced,none,26,31,38,Fail,Fail,Fail,Fail
467,male,group A,high school,free/reduced,completed,72,67,65,Pass,Pass,Pass,Pass
468,female,group A,high school,free/reduced,completed,77,88,85,Pass,Pass,Pass,Pass
469,male,group C,some college,standard,none,91,74,76,Pass,Pass,Pass,Pass
470,female,group C,associate's degree,standard,completed,83,85,90,Pass,Pass,Pass,Pass
471,female,group C,high school,standard,none,63,69,74,Pass,Pass,Pass,Pass
472,female,group C,associate's degree,standard,completed,68,86,84,Pass,Pass,Pass,Pass
473,female,group D,some high school,standard,none,59,67,61,Pass,Fail,Pass,Pass
474,female,group B,associate's degree,standard,completed,90,90,91,Pass,Pass,Pass,Pass
475,female,group D,bachelor's degree,standard,completed,71,76,83,Pass,Pass,Pass,Pass
476,male,group E,bachelor's degree,standard,completed,76,62,66,Pass,Pass,Pass,Pass
477,male,group D,associate's degree,standard,none,80,68,72,Pass,Pass,Pass,Pass
478,female,group D,master's degree,standard,none,55,64,70,Pass,Fail,Pass,Pass
479,male,group E,associate's degree,standard,none,76,71,67,Pass,Pass,Pass,Pass
480,male,group B,high school,standard,completed,73,71,68,Pass,Pass,Pass,Pass
481,female,group D,associate's degree,free/reduced,none,52,59,56,Fail,Fail,Fail,Fail
482,male,group C,some college,free/reduced,none,68,68,61,Pass,Pass,Pass,Pass
483,male,group A,high school,standard,none,59,52,46,Fail,Fail,Fail,Fail
484,female,group B,associate's degree,standard,none,49,52,54,Fail,Fail,Fail,Fail
485,male,group C,high school,standard,none,70,74,71,Pass,Pass,Pass,Pass
486,male,group D,some college,free/reduced,none,61,47,56,Fail,Pass,Fail,Fail
487,female,group C,associate's degree,free/reduced,none,60,75,74,Pass,Pass,Pass,Pass
488,male,group B,some high school,standard,completed,64,53,57,Fail,Pass,Fail,Fail
489,male,group A,associate's degree,free/reduced,completed,79,82,82,Pass,Pass,Pass,Pass
490,female,group A,associate's degree,free/reduced,none,65,85,76,Pass,Pass,Pass,Pass
491,female,group C,associate's degree,standard,none,64,64,70,Pass,Pass,Pass,Pass
492,female,group C,some college,standard,none,83,83,90,Pass,Pass,Pass,Pass
493,female,group C,bachelor's degree,standard,none,81,88,90,Pass,Pass,Pass,Pass
494,female,group B,high school,standard,none,54,64,68,Pass,Fail,Pass,Pass
495,male,group D,high school,standard,completed,68,64,66,Pass,Pass,Pass,Pass
496,female,group C,some college,standard,none,54,48,52,Fail,Fail,Fail,Fail
497,female,group D,some college,free/reduced,completed,59,78,76,Pass,Fail,Pass,Pass
498,female,group B,some high school,standard,none,66,69,68,Pass,Pass,Pass,Pass
499,male,group E,some college,standard,none,76,71,72,Pass,Pass,Pass,Pass
500,female,group D,master's degree,standard,none,74,79,82,Pass,Pass,Pass,Pass
501,female,group B,associate's degree,standard,completed,94,87,92,Pass,Pass,Pass,Pass
502,male,group C,some college,free/reduced,none,63,61,54,Fail,Pass,Pass,Fail
503,female,group E,associate's degree,standard,completed,95,89,92,Pass,Pass,Pass,Pass
504,female,group D,master's degree,free/reduced,none,40,59,54,Fail,Fail,Fail,Fail
505,female,group B,some high school,standard,none,82,82,80,Pass,Pass,Pass,Pass
506,male,group A,high school,standard,none,68,70,66,Pass,Pass,Pass,Pass
507,male,group B,bachelor's degree,free/reduced,none,55,59,54,Fail,Fail,Fail,Fail
508,male,group C,master's degree,standard,none,79,78,77,Pass,Pass,Pass,Pass
509,female,group C,bachelor's degree,standard,none,86,92,87,Pass,Pass,Pass,Pass
510,male,group D,some college,standard,none,76,71,73,Pass,Pass,Pass,Pass
511,male,group A,some high school,standard,none,64,50,43,Fail,Pass,Fail,Fail
512,male,group D,some high school,free/reduced,none,62,49,52,Fail,Pass,Fail,Fail
513,female,group B,some high school,standard,completed,54,61,62,Pass,Fail,Pass,Pass
514,female,group B,master's degree,free/reduced,completed,77,97,94,Pass,Pass,Pass,Pass
515,female,group C,some high school,standard,completed,76,87,85,Pass,Pass,Pass,Pass
516,female,group D,some college,standard,none,74,89,84,Pass,Pass,Pass,Pass
517,female,group E,some college,standard,completed,66,74,73,Pass,Pass,Pass,Pass
518,female,group D,some high school,standard,completed,66,78,78,Pass,Pass,Pass,Pass
519,female,group B,high school,free/reduced,completed,67,78,79,Pass,Pass,Pass,Pass
520,male,group D,some college,standard,none,71,49,52,Fail,Pass,Fail,Fail
521,female,group C,associate's degree,standard,none,91,86,84,Pass,Pass,Pass,Pass
522,male,group D,bachelor's degree,standard,none,69,58,57,Fail,Pass,Fail,Fail
523,male,group C,master's degree,free/reduced,none,54,59,50,Fail,Fail,Fail,Fail
524,male,group C,high school,standard,completed,53,52,49,Fail,Fail,Fail,Fail
525,male,group E,some college,standard,none,68,60,59,Fail,Pass,Pass,Fail
526,male,group C,some high school,free/reduced,completed,56,61,60,Pass,Fail,Pass,Pass
527,female,group C,high school,free/reduced,none,36,53,43,Fail,Fail,Fail,Fail
528,female,group D,bachelor's degree,free/reduced,none,29,41,47,Fail,Fail,Fail,Fail
529,female,group C,associate's degree,standard,none,62,74,70,Pass,Pass,Pass,Pass
530,female,group C,associate's degree,standard,completed,68,67,73,Pass,Pass,Pass,Pass
531,female,group C,some high school,standard,none,47,54,53,Fail,Fail,Fail,Fail
532,male,group E,associate's degree,standard,completed,62,61,58,Fail,Pass,Pass,Fail
533,female,group E,associate's degree,standard,completed,79,88,94,Pass,Pass,Pass,Pass
534,male,group B,high school,standard,completed,73,69,68,Pass,Pass,Pass,Pass
535,female,group C,bachelor's degree,free/reduced,completed,66,83,83,Pass,Pass,Pass,Pass
536,male,group C,associate's degree,standard,completed,51,60,58,Fail,Fail,Pass,Fail
537,female,group D,high school,standard,none,51,66,62,Pass,Fail,Pass,Pass
538,male,group E,bachelor's degree,standard,completed,85,66,71,Pass,Pass,Pass,Pass
539,male,group A,associate's degree,standard,completed,97,92,86,Pass,Pass,Pass,Pass
540,male,group C,high school,standard,completed,75,69,68,Pass,Pass,Pass,Pass
541,male,group D,associate's degree,free/reduced,completed,79,82,80,Pass,Pass,Pass,Pass
542,female,group C,associate's degree,standard,none,81,77,79,Pass,Pass,Pass,Pass
543,female,group D,associate's degree,standard,none,82,95,89,Pass,Pass,Pass,Pass
544,female,group D,master's degree,standard,none,64,63,66,Pass,Pass,Pass,Pass
545,male,group E,some high school,free/reduced,completed,78,83,80,Pass,Pass,Pass,Pass
546,female,group A,some high school,standard,completed,92,100,97,Pass,Pass,Pass,Pass
547,male,group C,high school,standard,completed,72,67,64,Pass,Pass,Pass,Pass
548,female,group C,high school,free/reduced,none,62,67,64,Pass,Pass,Pass,Pass
549,male,group C,master's degree,standard,none,79,72,69,Pass,Pass,Pass,Pass
550,male,group C,some high school,free/reduced,none,79,76,65,Pass,Pass,Pass,Pass
551,male,group B,bachelor's degree,free/reduced,completed,87,90,88,Pass,Pass,Pass,Pass
552,female,group B,associate's degree,standard,none,40,48,50,Fail,Fail,Fail,Fail
553,male,group D,some college,free/reduced,none,77,62,64,Pass,Pass,Pass,Pass
554,male,group E,associate's degree,standard,none,53,45,40,Fail,Fail,Fail,Fail
555,female,group C,some college,free/reduced,none,32,39,33,Fail,Fail,Fail,Fail
556,female,group C,associate's degree,standard,completed,55,72,79,Pass,Fail,Pass,Pass
557,male,group C,master's degree,free/reduced,none,61,67,66,Pass,Pass,Pass,Pass
558,female,group B,associate's degree,free/reduced,none,53,70,70,Pass,Fail,Pass,Pass
559,male,group D,some high school,standard,none,73,66,62,Pass,Pass,Pass,Pass
560,female,group D,some college,standard,completed,74,75,79,Pass,Pass,Pass,Pass
561,female,group C,some college,standard,none,63,74,74,Pass,Pass,Pass,Pass
562,male,group C,bachelor's degree,standard,completed,96,90,92,Pass,Pass,Pass,Pass
563,female,group D,some college,free/reduced,completed,63,80,80,Pass,Pass,Pass,Pass
564,male,group B,bachelor's degree,free/reduced,none,48,51,46,Fail,Fail,Fail,Fail
565,male,group B,associate's degree,standard,none,48,43,45,Fail,Fail,Fail,Fail
566,female,group E,bachelor's degree,free/reduced,completed,92,100,100,Pass,Pass,Pass,Pass
567,female,group D,master's degree,free/reduced,completed,61,71,78,Pass,Pass,Pass,Pass
568,male,group B,high school,free/reduced,none,63,48,47,Fail,Pass,Fail,Fail
569,male,group D,bachelor's degree,free/reduced,none,68,68,67,Pass,Pass,Pass,Pass
570,male,group B,some college,standard,completed,71,75,70,Pass,Pass,Pass,Pass
571,male,group A,bachelor's degree,standard,none,91,96,92,Pass,Pass,Pass,Pass
572,female,group C,some college,standard,none,53,62,56,Fail,Fail,Pass,Fail
573,female,group C,high school,free/reduced,completed,50,66,64,Pass,Fail,Pass,Pass
574,female,group E,high school,standard,none,74,81,71,Pass,Pass,Pass,Pass
575,male,group A,associate's degree,free/reduced,completed,40,55,53,Fail,Fail,Fail,Fail
576,male,group A,some college,standard,completed,61,51,52,Fail,Pass,Fail,Fail
577,female,group B,high school,standard,none,81,91,89,Pass,Pass,Pass,Pass
578,female,group B,some college,free/reduced,completed,48,56,58,Fail,Fail,Fail,Fail
579,female,group D,master's degree,standard,none,53,61,68,Pass,Fail,Pass,Pass
580,female,group D,some high school,standard,none,81,97,96,Pass,Pass,Pass,Pass
581,female,group E,some high school,standard,none,77,79,80,Pass,Pass,Pass,Pass
582,female,group D,bachelor's degree,free/reduced,none,63,73,78,Pass,Pass,Pass,Pass
583,female,group D,associate's degree,standard,completed,73,75,80,Pass,Pass,Pass,Pass
584,female,group D,some college,standard,none,69,77,77,Pass,Pass,Pass,Pass
585,female,group C,associate's degree,standard,none,65,76,76,Pass,Pass,Pass,Pass
586,female,group A,high school,standard,none,55,73,73,Pass,Fail,Pass,Pass
587,female,group C,bachelor's degree,free/reduced,none,44,63,62,Pass,Fail,Pass,Pass
588,female,group C,some college,standard,none,54,64,65,Pass,Fail,Pass,Pass
589,female,group A,some high school,standard,none,48,66,65,Pass,Fail,Pass,Pass
590,male,group C,some college,free/reduced,none,58,57,54,Fail,Fail,Fail,Fail
591,male,group A,some high school,standard,none,71,62,50,Fail,Pass,Pass,Fail
592,male,group E,bachelor's degree,standard,none,68,68,64,Pass,Pass,Pass,Pass
593,female,group E,high school,standard,none,74,76,73,Pass,Pass,Pass,Pass
594,female,group C,bachelor's degree,standard,completed,92,100,99,Pass,Pass,Pass,Pass
595,female,group C,bachelor's degree,standard,completed,56,79,72,Pass,Fail,Pass,Pass
596,male,group B,high school,free/reduced,none,30,24,15,Fail,Fail,Fail,Fail
597,male,group A,some high school,standard,none,53,54,48,Fail,Fail,Fail,Fail
598,female,group D,high school,standard,none,69,77,73,Pass,Pass,Pass,Pass
599,female,group D,some high school,standard,none,65,82,81,Pass,Pass,Pass,Pass
600,female,group D,master's degree,standard,none,54,60,63,Pass,Fail,Pass,Pass
601,female,group C,high school,standard,none,29,29,30,Fail,Fail,Fail,Fail
602,female,group E,some college,standard,none,76,78,80,Pass,Pass,Pass,Pass
603,male,group D,high school,free/reduced,none,60,57,51,Fail,Pass,Fail,Fail
604,male,group D,master's degree,free/reduced,completed,84,89,90,Pass,Pass,Pass,Pass
605,male,group C,some high school,standard,none,75,72,62,Pass,Pass,Pass,Pass
606,female,group C,associate's degree,standard,none,85,84,82,Pass,Pass,Pass,Pass
607,female,group C,master's degree,free/reduced,none,40,58,54,Fail,Fail,Fail,Fail
608,female,group E,some college,standard,none,61,64,62,Pass,Pass,Pass,Pass
609,female,group B,associate's degree,standard,none,58,63,65,Pass,Fail,Pass,Pass
610,male,group D,some college,free/reduced,completed,69,60,63,Pass,Pass,Pass,Pass
611,female,group C,some college,standard,none,58,59,66,Pass,Fail,Fail,Pass
612,male,group C,bachelor's degree,standard,completed,94,90,91,Pass,Pass,Pass,Pass
613,female,group C,associate's degree,standard,none,65,77,74,Pass,Pass,Pass,Pass
614,female,group A,associate's degree,standard,none,82,93,93,Pass,Pass,Pass,Pass
615,female,group C,high school,standard,none,60,68,72,Pass,Pass,Pass,Pass
616,female,group E,bachelor's degree,standard,none,37,45,38,Fail,Fail,Fail,Fail
617,male,group D,bachelor's degree,standard,none,88,78,83,Pass,Pass,Pass,Pass
618,male,group D,master's degree,standard,none,95,81,84,Pass,Pass,Pass,Pass
619,male,group C,associate's degree,free/reduced,completed,65,73,68,Pass,Pass,Pass,Pass
620,female,group C,high school,free/reduced,none,35,61,54,Fail,Fail,Pass,Fail
621,male,group B,bachelor's degree,free/reduced,none,62,63,56,Fail,Pass,Pass,Fail
622,male,group C,high school,free/reduced,completed,58,51,52,Fail,Fail,Fail,Fail
623,male,group A,some college,standard,completed,100,96,86,Pass,Pass,Pass,Pass
624,female,group E,bachelor's degree,free/reduced,none,61,58,62,Pass,Pass,Fail,Pass
625,male,group D,some college,standard,completed,100,97,99,Pass,Pass,Pass,Pass
626,male,group B,associate's degree,free/reduced,completed,69,70,63,Pass,Pass,Pass,Pass
627,male,group D,associate's degree,standard,none,61,48,46,Fail,Pass,Fail,Fail
628,male,group D,some college,free/reduced,none,49,57,46,Fail,Fail,Fail,Fail
629,female,group C,some high school,standard,completed,44,51,55,Fail,Fail,Fail,Fail
630,male,group D,some college,standard,none,67,64,70,Pass,Pass,Pass,Pass
631,male,group B,high school,standard,none,79,60,65,Pass,Pass,Pass,Pass
632,female,group B,bachelor's degree,standard,completed,66,74,81,Pass,Pass,Pass,Pass
633,female,group C,high school,standard,none,75,88,85,Pass,Pass,Pass,Pass
634,male,group D,some high school,standard,none,84,84,80,Pass,Pass,Pass,Pass
635,male,group A,high school,standard,none,71,74,64,Pass,Pass,Pass,Pass
636,female,group B,high school,free/reduced,completed,67,80,81,Pass,Pass,Pass,Pass
637,female,group D,some high school,standard,completed,80,92,88,Pass,Pass,Pass,Pass
638,male,group E,some college,standard,none,86,76,74,Pass,Pass,Pass,Pass
639,female,group D,associate's degree,standard,none,76,74,73,Pass,Pass,Pass,Pass
640,male,group D,high school,standard,none,41,52,51,Fail,Fail,Fail,Fail
641,female,group D,associate's degree,free/reduced,completed,74,88,90,Pass,Pass,Pass,Pass
642,female,group B,some high school,free/reduced,none,72,81,79,Pass,Pass,Pass,Pass
643,female,group E,high school,standard,completed,74,79,80,Pass,Pass,Pass,Pass
644,male,group B,high school,standard,none,70,65,60,Pass,Pass,Pass,Pass
645,female,group B,bachelor's degree,standard,completed,65,81,81,Pass,Pass,Pass,Pass
646,female,group D,associate's degree,standard,none,59,70,65,Pass,Fail,Pass,Pass
647,female,group E,high school,free/reduced,none,64,62,68,Pass,Pass,Pass,Pass
648,female,group B,high school,standard,none,50,53,55,Fail,Fail,Fail,Fail
649,female,group D,some college,standard,completed,69,79,81,Pass,Pass,Pass,Pass
650,male,group C,some high school,free/reduced,completed,51,56,53,Fail,Fail,Fail,Fail
651,female,group A,high school,standard,completed,68,80,76,Pass,Pass,Pass,Pass
652,female,group D,some college,standard,completed,85,86,98,Pass,Pass,Pass,Pass
653,female,group A,associate's degree,standard,completed,65,70,74,Pass,Pass,Pass,Pass
654,female,group B,some high school,standard,none,73,79,79,Pass,Pass,Pass,Pass
655,female,group B,some college,standard,none,62,67,67,Pass,Pass,Pass,Pass
656,male,group C,associate's degree,free/reduced,none,77,67,64,Pass,Pass,Pass,Pass
657,male,group D,some high school,standard,none,69,66,61,Pass,Pass,Pass,Pass
658,female,group D,associate's degree,free/reduced,none,43,60,58,Fail,Fail,Pass,Fail
659,male,group D,associate's degree,standard,none,90,87,85,Pass,Pass,Pass,Pass
660,male,group C,some college,free/reduced,none,74,77,73,Pass,Pass,Pass,Pass
661,male,group C,some high school,standard,none,73,66,63,Pass,Pass,Pass,Pass
662,female,group D,some college,free/reduced,none,55,71,69,Pass,Fail,Pass,Pass
663,female,group C,high school,standard,none,65,69,67,Pass,Pass,Pass,Pass
664,male,group D,associate's degree,standard,none,80,63,63,Pass,Pass,Pass,Pass
665,female,group C,some high school,free/reduced,completed,50,60,60,Pass,Fail,Pass,Pass
666,female,group C,some college,free/reduced,completed,63,73,71,Pass,Pass,Pass,Pass
667,female,group B,bachelor's degree,free/reduced,none,77,85,87,Pass,Pass,Pass,Pass
668,male,group C,some college,standard,none,73,74,61,Pass,Pass,Pass,Pass
669,male,group D,associate's degree,standard,completed,81,72,77,Pass,Pass,Pass,Pass
670,female,group C,high school,free/reduced,none,66,76,68,Pass,Pass,Pass,Pass
671,male,group D,associate's degree,free/reduced,none,52,57,50,Fail,Fail,Fail,Fail
672,female,group C,some college,standard,none,69,78,76,Pass,Pass,Pass,Pass
673,female,group C,associate's degree,standard,completed,65,84,84,Pass,Pass,Pass,Pass
674,female,group D,high school,standard,completed,69,77,78,Pass,Pass,Pass,Pass
675,female,group B,some college,standard,completed,50,64,66,Pass,Fail,Pass,Pass
676,female,group E,some college,standard,completed,73,78,76,Pass,Pass,Pass,Pass
677,female,group C,some high school,standard,completed,70,82,76,Pass,Pass,Pass,Pass
678,male,group D,associate's degree,free/reduced,none,81,75,78,Pass,Pass,Pass,Pass
679,male,group D,some college,free/reduced,none,63,61,60,Pass,Pass,Pass,Pass
680,female,group D,high school,standard,none,67,72,74,Pass,Pass,Pass,Pass
681,male,group B,high school,standard,none,60,68,60,Pass,Pass,Pass,Pass
682,male,group B,high school,standard,none,62,55,54,Fail,Pass,Fail,Fail
683,female,group C,some high school,free/reduced,completed,29,40,44,Fail,Fail,Fail,Fail
684,male,group B,some college,standard,completed,62,66,68,Pass,Pass,Pass,Pass
685,female,group E,master's degree,standard,completed,94,99,100,Pass,Pass,Pass,Pass
686,male,group E,some college,standard,completed,85,75,68,Pass,Pass,Pass,Pass
687,male,group D,associate's degree,free/reduced,none,77,78,73,Pass,Pass,Pass,Pass
688,male,group A,high school,free/reduced,none,53,58,44,Fail,Fail,Fail,Fail
689,male,group E,some college,free/reduced,none,93,90,83,Pass,Pass,Pass,Pass
690,female,group C,associate's degree,standard,none,49,53,53,Fail,Fail,Fail,Fail
691,female,group E,associate's degree,free/reduced,none,73,76,78,Pass,Pass,Pass,Pass
692,female,group C,bachelor's degree,free/reduced,completed,66,74,81,Pass,Pass,Pass,Pass
693,female,group D,associate's degree,standard,none,77,77,73,Pass,Pass,Pass,Pass
694,female,group C,some high school,standard,none,49,63,56,Fail,Fail,Pass,Fail
695,female,group D,some college,free/reduced,none,79,89,86,Pass,Pass,Pass,Pass
696,female,group C,associate's degree,standard,completed,75,82,90,Pass,Pass,Pass,Pass
697,female,group A,bachelor's degree,standard,none,59,72,70,Pass,Fail,Pass,Pass
698,female,group D,associate's degree,standard,completed,57,78,79,Pass,Fail,Pass,Pass
699,male,group C,high school,free/reduced,none,66,66,59,Pass,Pass,Pass,Fail
700,female,group E,bachelor's degree,standard,completed,79,81,82,Pass,Pass,Pass,Pass
701,female,group B,some high school,standard,none,57,67,72,Pass,Fail,Pass,Pass
702,male,group A,bachelor's degree,standard,completed,87,84,87,Pass,Pass,Pass,Pass
703,female,group D,some college,standard,none,63,64,67,Pass,Pass,Pass,Pass
704,female,group B,some high school,free/reduced,completed,59,63,64,Pass,Fail,Pass,Pass
705,male,group A,bachelor's degree,free/reduced,none,62,72,65,Pass,Pass,Pass,Pass
706,male,group D,high school,standard,none,46,34,36,Fail,Fail,Fail,Fail
707,male,group C,some college,standard,none,66,59,52,Fail,Pass,Fail,Fail
708,male,group D,high school,standard,none,89,87,79,Pass,Pass,Pass,Pass
709,female,group D,associate's degree,free/reduced,completed,42,61,58,Fail,Fail,Pass,Fail
710,male,group C,some college,standard,completed,93,84,90,Pass,Pass,Pass,Pass
711,female,group E,some high school,standard,completed,80,85,85,Pass,Pass,Pass,Pass
712,female,group D,some college,standard,none,98,100,99,Pass,Pass,Pass,Pass
713,male,group D,master's degree,standard,none,81,81,84,Pass,Pass,Pass,Pass
714,female,group B,some high school,standard,completed,60,70,74,Pass,Pass,Pass,Pass
715,female,group B,associate's degree,free/reduced,completed,76,94,87,Pass,Pass,Pass,Pass
716,male,group C,associate's degree,standard,completed,73,78,72,Pass,Pass,Pass,Pass
717,female,group C,associate's degree,standard,completed,96,96,99,Pass,Pass,Pass,Pass
718,female,group C,high school,standard,none,76,76,74,Pass,Pass,Pass,Pass
719,male,group E,associate's degree,free/reduced,completed,91,73,80,Pass,Pass,Pass,Pass
720,female,group C,some college,free/reduced,none,62,72,70,Pass,Pass,Pass,Pass
721,male,group D,some high school,free/reduced,completed,55,59,59,Fail,Fail,Fail,Fail
722,female,group B,some high school,free/reduced,completed,74,90,88,Pass,Pass,Pass,Pass
723,male,group C,high school,standard,none,50,48,42,Fail,Fail,Fail,Fail
724,male,group B,some college,standard,none,47,43,41,Fail,Fail,Fail,Fail
725,male,group E,some college,standard,completed,81,74,71,Pass,Pass,Pass,Pass
726,female,group E,associate's degree,standard,completed,65,75,77,Pass,Pass,Pass,Pass
727,male,group E,some high school,standard,completed,68,51,57,Fail,Pass,Fail,Fail
728,female,group D,high school,free/reduced,none,73,92,84,Pass,Pass,Pass,Pass
729,male,group C,some college,standard,none,53,39,37,Fail,Fail,Fail,Fail
730,female,group B,associate's degree,free/reduced,completed,68,77,80,Pass,Pass,Pass,Pass
731,male,group A,some high school,free/reduced,none,55,46,43,Fail,Fail,Fail,Fail
732,female,group C,some college,standard,completed,87,89,94,Pass,Pass,Pass,Pass
733,male,group D,some high school,standard,none,55,47,44,Fail,Fail,Fail,Fail
734,female,group E,some college,free/reduced,none,53,58,57,Fail,Fail,Fail,Fail
735,male,group C,master's degree,standard,none,67,57,59,Fail,Pass,Fail,Fail
736,male,group C,associate's degree,standard,none,92,79,84,Pass,Pass,Pass,Pass
737,female,group B,some college,free/reduced,completed,53,66,73,Pass,Fail,Pass,Pass
738,male,group D,associate's degree,standard,none,81,71,73,Pass,Pass,Pass,Pass
739,male,group C,high school,free/reduced,none,61,60,55,Fail,Pass,Pass,Fail
740,male,group D,bachelor's degree,standard,none,80,73,72,Pass,Pass,Pass,Pass
741,female,group A,associate's degree,free/reduced,none,37,57,56,Fail,Fail,Fail,Fail
742,female,group C,high school,standard,none,81,84,82,Pass,Pass,Pass,Pass
743,female,group C,associate's degree,standard,completed,59,73,72,Pass,Fail,Pass,Pass
744,male,group B,some college,free/reduced,none,55,55,47,Fail,Fail,Fail,Fail
745,male,group D,associate's degree,standard,none,72,79,74,Pass,Pass,Pass,Pass
746,male,group D,high school,standard,none,69,75,71,Pass,Pass,Pass,Pass
747,male,group C,some college,standard,none,69,64,68,Pass,Pass,Pass,Pass
748,female,group C,bachelor's degree,free/reduced,none,50,60,59,Fail,Fail,Pass,Fail
749,male,group B,some college,standard,completed,87,84,86,Pass,Pass,Pass,Pass
750,male,group D,some high school,standard,completed,71,69,68,Pass,Pass,Pass,Pass
751,male,group E,some college,standard,none,68,72,65,Pass,Pass,Pass,Pass
752,male,group C,master's degree,free/reduced,completed,79,77,75,Pass,Pass,Pass,Pass
753,female,group C,some high school,standard,completed,77,90,85,Pass,Pass,Pass,Pass
754,male,group C,associate's degree,free/reduced,none,58,55,53,Fail,Fail,Fail,Fail
755,female,group E,associate's degree,standard,none,84,95,92,Pass,Pass,Pass,Pass
756,male,group D,some college,standard,none,55,58,52,Fail,Fail,Fail,Fail
757,male,group E,bachelor's degree,free/reduced,completed,70,68,72,Pass,Pass,Pass,Pass
758,female,group D,some college,free/reduced,completed,52,59,65,Pass,Fail,Fail,Pass
759,male,group B,some college,standard,completed,69,77,77,Pass,Pass,Pass,Pass
760,female,group C,high school,free/reduced,none,53,72,64,Pass,Fail,Pass,Pass
761,female,group D,some high school,standard,none,48,58,54,Fail,Fail,Fail,Fail
762,male,group D,some high school,standard,completed,78,81,86,Pass,Pass,Pass,Pass
763,female,group B,high school,standard,none,62,62,63,Pass,Pass,Pass,Pass
764,male,group D,some college,standard,none,60,63,59,Pass,Pass,Pass,Fail
765,female,group B,high school,standard,none,74,72,72,Pass,Pass,Pass,Pass
766,female,group C,high school,standard,completed,58,75,77,Pass,Fail,Pass,Pass
767,male,group B,high school,standard,completed,76,62,60,Pass,Pass,Pass,Pass
768,female,group D,some high school,standard,none,68,71,75,Pass,Pass,Pass,Pass
769,male,group A,some college,free/reduced,none,58,60,57,Fail,Fail,Pass,Fail
770,male,group B,high school,standard,none,52,48,49,Fail,Fail,Fail,Fail
771,male,group D,bachelor's degree,standard,none,75,73,74,Pass,Pass,Pass,Pass
772,female,group B,some high school,free/reduced,completed,52,67,72,Pass,Fail,Pass,Pass
773,female,group C,bachelor's degree,free/reduced,none,62,78,79,Pass,Pass,Pass,Pass
774,male,group B,some college,standard,none,66,65,60,Pass,Pass,Pass,Pass
775,female,group B,some high school,free/reduced,none,49,58,55,Fail,Fail,Fail,Fail
776,female,group B,high school,standard,none,66,72,70,Pass,Pass,Pass,Pass
777,female,group C,some college,free/reduced,none,35,44,43,Fail,Fail,Fail,Fail
778,female,group A,some college,standard,completed,72,79,82,Pass,Pass,Pass,Pass
779,male,group E,associate's degree,standard,completed,94,85,82,Pass,Pass,Pass,Pass
780,female,group D,associate's degree,free/reduced,none,46,56,57,Fail,Fail,Fail,Fail
781,female,group B,master's degree,standard,none,77,90,84,Pass,Pass,Pass,Pass
782,female,group B,high school,free/reduced,completed,76,85,82,Pass,Pass,Pass,Pass
783,female,group C,associate's degree,standard,completed,52,59,62,Pass,Fail,Fail,Pass
784,male,group C,bachelor's degree,standard,completed,91,81,79,Pass,Pass,Pass,Pass
785,female,group B,some high school,standard,completed,32,51,44,Fail,Fail,Fail,Fail
786,female,group E,some high school,free/reduced,none,72,79,77,Pass,Pass,Pass,Pass
787,female,group B,some college,standard,none,19,38,32,Fail,Fail,Fail,Fail
788,male,group C,associate's degree,free/reduced,none,68,65,61,Pass,Pass,Pass,Pass
789,female,group C,master's degree,free/reduced,none,52,65,61,Pass,Fail,Pass,Pass
790,female,group B,high school,standard,none,48,62,60,Pass,Fail,Pass,Pass
791,female,group D,some college,free/reduced,none,60,66,70,Pass,Pass,Pass,Pass
792,male,group D,high school,free/reduced,none,66,74,69,Pass,Pass,Pass,Pass
793,male,group E,some high school,standard,completed,89,84,77,Pass,Pass,Pass,Pass
794,female,group B,high school,standard,none,42,52,51,Fail,Fail,Fail,Fail
795,female,group E,associate's degree,free/reduced,completed,57,68,73,Pass,Fail,Pass,Pass
796,male,group D,high school,standard,none,70,70,70,Pass,Pass,Pass,Pass
797,female,group E,associate's degree,free/reduced,none,70,84,81,Pass,Pass,Pass,Pass
798,male,group E,some college,standard,none,69,60,54,Fail,Pass,Pass,Fail
799,female,group C,associate's degree,standard,none,52,55,57,Fail,Fail,Fail,Fail
800,male,group C,some high school,standard,completed,67,73,68,Pass,Pass,Pass,Pass
801,male,group C,some high school,standard,completed,76,80,73,Pass,Pass,Pass,Pass
802,female,group E,associate's degree,standard,none,87,94,95,Pass,Pass,Pass,Pass
803,female,group B,some college,standard,none,82,85,87,Pass,Pass,Pass,Pass
804,female,group C,some college,standard,none,73,76,78,Pass,Pass,Pass,Pass
805,male,group A,some college,free/reduced,none,75,81,74,Pass,Pass,Pass,Pass
806,female,group D,some college,free/reduced,none,64,74,75,Pass,Pass,Pass,Pass
807,female,group E,high school,free/reduced,none,41,45,40,Fail,Fail,Fail,Fail
808,male,group C,high school,standard,none,90,75,69,Pass,Pass,Pass,Pass
809,male,group B,bachelor's degree,standard,none,59,54,51,Fail,Fail,Fail,Fail
810,male,group A,some high school,standard,none,51,31,36,Fail,Fail,Fail,Fail
811,male,group A,high school,free/reduced,none,45,47,49,Fail,Fail,Fail,Fail
812,female,group C,master's degree,standard,completed,54,64,67,Pass,Fail,Pass,Pass
813,male,group E,some high school,standard,completed,87,84,76,Pass,Pass,Pass,Pass
814,female,group C,high school,standard,none,72,80,83,Pass,Pass,Pass,Pass
815,male,group B,some high school,standard,completed,94,86,87,Pass,Pass,Pass,Pass
816,female,group A,bachelor's degree,standard,none,45,59,64,Pass,Fail,Fail,Pass
817,male,group D,bachelor's degree,free/reduced,completed,61,70,76,Pass,Pass,Pass,Pass
818,female,group B,high school,free/reduced,none,60,72,68,Pass,Pass,Pass,Pass
819,female,group C,some high school,standard,none,77,91,88,Pass,Pass,Pass,Pass
820,female,group A,some high school,standard,completed,85,90,92,Pass,Pass,Pass,Pass
821,female,group D,bachelor's degree,free/reduced,none,78,90,93,Pass,Pass,Pass,Pass
822,male,group E,some college,free/reduced,completed,49,52,51,Fail,Fail,Fail,Fail
823,female,group B,high school,free/reduced,none,71,87,82,Pass,Pass,Pass,Pass
824,female,group C,some high school,free/reduced,none,48,58,52,Fail,Fail,Fail,Fail
825,male,group C,high school,standard,none,62,67,58,Pass,Pass,Pass,Fail
826,female,group C,associate's degree,free/reduced,completed,56,68,70,Pass,Fail,Pass,Pass
827,female,group C,some high school,standard,none,65,69,76,Pass,Pass,Pass,Pass
828,female,group D,some high school,free/reduced,completed,69,86,81,Pass,Pass,Pass,Pass
829,male,group B,some high school,standard,none,68,54,53,Fail,Pass,Fail,Fail
830,female,group A,some college,free/reduced,none,61,60,57,Fail,Pass,Pass,Fail
831,female,group C,bachelor's degree,free/reduced,completed,74,86,89,Pass,Pass,Pass,Pass
832,male,group A,bachelor's degree,standard,none,64,60,58,Fail,Pass,Pass,Fail
833,female,group B,high school,standard,completed,77,82,89,Pass,Pass,Pass,Pass
834,male,group B,some college,standard,none,58,50,45,Fail,Fail,Fail,Fail
835,female,group C,high school,standard,completed,60,64,74,Pass,Pass,Pass,Pass
836,male,group E,high school,standard,none,73,64,57,Fail,Pass,Pass,Fail
837,female,group A,high school,standard,completed,75,82,79,Pass,Pass,Pass,Pass
838,male,group B,associate's degree,free/reduced,completed,58,57,53,Fail,Fail,Fail,Fail
839,female,group C,associate's degree,standard,none,66,77,73,Pass,Pass,Pass,Pass
840,female,group D,high school,free/reduced,none,39,52,46,Fail,Fail,Fail,Fail
841,male,group C,some high school,standard,none,64,58,51,Fail,Pass,Fail,Fail
842,female,group B,high school,free/reduced,completed,23,44,36,Fail,Fail,Fail,Fail
843,male,group B,some college,free/reduced,completed,74,77,76,Pass,Pass,Pass,Pass
844,female,group D,some high school,free/reduced,completed,40,65,64,Pass,Fail,Pass,Pass
845,male,group E,master's degree,standard,none,90,85,84,Pass,Pass,Pass,Pass
846,male,group C,master's degree,standard,completed,91,85,85,Pass,Pass,Pass,Pass
847,male,group D,high school,standard,none,64,54,50,Fail,Pass,Fail,Fail
848,female,group C,high school,standard,none,59,72,68,Pass,Fail,Pass,Pass
849,male,group D,associate's degree,standard,none,80,75,69,Pass,Pass,Pass,Pass
850,male,group C,master's degree,standard,none,71,67,67,Pass,Pass,Pass,Pass
851,female,group A,high school,standard,none,61,68,63,Pass,Pass,Pass,Pass
852,female,group E,some college,standard,none,87,85,93,Pass,Pass,Pass,Pass
853,male,group E,some high school,standard,none,82,67,61,Pass,Pass,Pass,Pass
854,male,group C,some high school,standard,none,62,64,55,Fail,Pass,Pass,Fail
855,female,group B,bachelor's degree,standard,none,97,97,96,Pass,Pass,Pass,Pass
856,male,group B,some college,free/reduced,none,75,68,65,Pass,Pass,Pass,Pass
857,female,group C,bachelor's degree,standard,none,65,79,81,Pass,Pass,Pass,Pass
858,male,group B,high school,standard,completed,52,49,46,Fail,Fail,Fail,Fail
859,male,group C,associate's degree,free/reduced,none,87,73,72,Pass,Pass,Pass,Pass
860,female,group C,associate's degree,standard,none,53,62,53,Fail,Fail,Pass,Fail
861,female,group E,master's degree,free/reduced,none,81,86,87,Pass,Pass,Pass,Pass
862,male,group D,bachelor's degree,free/reduced,completed,39,42,38,Fail,Fail,Fail,Fail
863,female,group C,some college,standard,completed,71,71,80,Pass,Pass,Pass,Pass
864,male,group C,associate's degree,standard,none,97,93,91,Pass,Pass,Pass,Pass
865,male,group D,some college,standard,completed,82,82,88,Pass,Pass,Pass,Pass
866,male,group C,high school,free/reduced,none,59,53,52,Fail,Fail,Fail,Fail
867,male,group B,associate's degree,standard,none,61,42,41,Fail,Pass,Fail,Fail
868,male,group E,associate's degree,free/reduced,completed,78,74,72,Pass,Pass,Pass,Pass
869,male,group C,associate's degree,free/reduced,none,49,51,51,Fail,Fail,Fail,Fail
870,male,group B,high school,standard,none,59,58,47,Fail,Fail,Fail,Fail
871,female,group C,some college,standard,completed,70,72,76,Pass,Pass,Pass,Pass
872,male,group B,associate's degree,standard,completed,82,84,78,Pass,Pass,Pass,Pass
873,male,group E,associate's degree,free/reduced,none,90,90,82,Pass,Pass,Pass,Pass
874,female,group C,bachelor's degree,free/reduced,none,43,62,61,Pass,Fail,Pass,Pass
875,male,group C,some college,free/reduced,none,80,64,66,Pass,Pass,Pass,Pass
876,male,group D,some college,standard,none,81,82,84,Pass,Pass,Pass,Pass
877,male,group C,some high school,standard,none,57,61,54,Fail,Fail,Pass,Fail
878,female,group D,some high school,standard,none,59,72,80,Pass,Fail,Pass,Pass
879,female,group D,associate's degree,standard,none,64,76,74,Pass,Pass,Pass,Pass
880,male,group C,bachelor's degree,standard,completed,63,64,66,Pass,Pass,Pass,Pass
881,female,group E,bachelor's degree,standard,completed,71,70,70,Pass,Pass,Pass,Pass
882,female,group B,high school,free/reduced,none,64,73,71,Pass,Pass,Pass,Pass
883,male,group D,bachelor's degree,free/reduced,none,55,46,44,Fail,Fail,Fail,Fail
884,female,group E,associate's degree,standard,none,51,51,54,Fail,Fail,Fail,Fail
885,female,group C,associate's degree,standard,completed,62,76,80,Pass,Pass,Pass,Pass
886,female,group E,associate's degree,standard,completed,93,100,95,Pass,Pass,Pass,Pass
887,male,group C,high school,free/reduced,none,54,72,59,Pass,Fail,Pass,Fail
888,female,group D,some college,free/reduced,none,69,65,74,Pass,Pass,Pass,Pass
889,male,group D,high school,free/reduced,none,44,51,48,Fail,Fail,Fail,Fail
890,female,group E,some college,standard,completed,86,85,91,Pass,Pass,Pass,Pass
891,female,group E,associate's degree,standard,none,85,92,85,Pass,Pass,Pass,Pass
892,female,group A,master's degree,free/reduced,none,50,67,73,Pass,Fail,Pass,Pass
893,male,group D,some high school,standard,completed,88,74,75,Pass,Pass,Pass,Pass
894,female,group E,associate's degree,standard,none,59,62,69,Pass,Fail,Pass,Pass
895,female,group E,some high school,free/reduced,none,32,34,38,Fail,Fail,Fail,Fail
896,male,group B,high school,free/reduced,none,36,29,27,Fail,Fail,Fail,Fail
897,female,group B,some high school,free/reduced,completed,63,78,79,Pass,Pass,Pass,Pass
898,male,group D,associate's degree,standard,completed,67,54,63,Pass,Pass,Fail,Pass
899,female,group D,some high school,standard,completed,65,78,82,Pass,Pass,Pass,Pass
900,male,group D,master's degree,standard,none,85,84,89,Pass,Pass,Pass,Pass
901,female,group C,master's degree,standard,none,73,78,74,Pass,Pass,Pass,Pass
902,female,group A,high school,free/reduced,completed,34,48,41,Fail,Fail,Fail,Fail
903,female,group D,bachelor's degree,free/reduced,completed,93,100,100,Pass,Pass,Pass,Pass
904,female,group D,some high school,free/reduced,none,67,84,84,Pass,Pass,Pass,Pass
905,male,group D,some college,standard,none,88,77,77,Pass,Pass,Pass,Pass
906,male,group B,high school,standard,none,57,48,51,Fail,Fail,Fail,Fail
907,female,group D,some college,standard,completed,79,84,91,Pass,Pass,Pass,Pass
908,female,group C,bachelor's degree,free/reduced,none,67,75,72,Pass,Pass,Pass,Pass
909,male,group E,bachelor's degree,standard,completed,70,64,70,Pass,Pass,Pass,Pass
910,male,group D,bachelor's degree,free/reduced,none,50,42,48,Fail,Fail,Fail,Fail
911,female,group A,some college,standard,none,69,84,82,Pass,Pass,Pass,Pass
912,female,group C,bachelor's degree,standard,completed,52,61,66,Pass,Fail,Pass,Pass
913,female,group C,bachelor's degree,free/reduced,completed,47,62,66,Pass,Fail,Pass,Pass
914,female,group B,associate's degree,free/reduced,none,46,61,55,Fail,Fail,Pass,Fail
915,female,group E,some college,standard,none,68,70,66,Pass,Pass,Pass,Pass
916,male,group E,bachelor's degree,standard,completed,100,100,100,Pass,Pass,Pass,Pass
917,female,group C,high school,standard,none,44,61,52,Fail,Fail,Pass,Fail
918,female,group C,associate's degree,standard,completed,57,77,80,Pass,Fail,Pass,Pass
919,male,group B,some college,standard,completed,91,96,91,Pass,Pass,Pass,Pass
920,male,group D,high school,free/reduced,none,69,70,67,Pass,Pass,Pass,Pass
921,female,group C,high school,free/reduced,none,35,53,46,Fail,Fail,Fail,Fail
922,male,group D,high school,standard,none,72,66,66,Pass,Pass,Pass,Pass
923,female,group B,associate's degree,free/reduced,none,54,65,65,Pass,Fail,Pass,Pass
924,male,group D,high school,free/reduced,none,74,70,69,Pass,Pass,Pass,Pass
925,male,group E,some high school,standard,completed,74,64,60,Pass,Pass,Pass,Pass
926,male,group E,associate's degree,free/reduced,none,64,56,52,Fail,Pass,Fail,Fail
927,female,group D,high school,free/reduced,completed,65,61,71,Pass,Pass,Pass,Pass
928,male,group E,associate's degree,free/reduced,completed,46,43,44,Fail,Fail,Fail,Fail
929,female,group C,some high school,free/reduced,none,48,56,51,Fail,Fail,Fail,Fail
930,male,group C,some college,free/reduced,completed,67,74,70,Pass,Pass,Pass,Pass
931,male,group D,some college,free/reduced,none,62,57,62,Pass,Pass,Fail,Pass
932,male,group D,associate's degree,free/reduced,completed,61,71,73,Pass,Pass,Pass,Pass
933,male,group C,bachelor's degree,free/reduced,completed,70,75,74,Pass,Pass,Pass,Pass
934,male,group C,associate's degree,standard,completed,98,87,90,Pass,Pass,Pass,Pass
935,male,group D,some college,free/reduced,none,70,63,58,Fail,Pass,Pass,Fail
936,male,group A,associate's degree,standard,none,67,57,53,Fail,Pass,Fail,Fail
937,female,group E,high school,free/reduced,none,57,58,57,Fail,Fail,Fail,Fail
938,male,group D,some college,standard,completed,85,81,85,Pass,Pass,Pass,Pass
939,male,group D,some high school,standard,completed,77,68,69,Pass,Pass,Pass,Pass
940,male,group C,master's degree,free/reduced,completed,72,66,72,Pass,Pass,Pass,Pass
941,female,group D,master's degree,standard,none,78,91,96,Pass,Pass,Pass,Pass
942,male,group C,high school,standard,none,81,66,64,Pass,Pass,Pass,Pass
943,male,group A,some high school,free/reduced,completed,61,62,61,Pass,Pass,Pass,Pass
944,female,group B,high school,standard,none,58,68,61,Pass,Fail,Pass,Pass
945,female,group C,associate's degree,standard,none,54,61,58,Fail,Fail,Pass,Fail
946,male,group B,high school,standard,none,82,82,80,Pass,Pass,Pass,Pass
947,female,group D,some college,free/reduced,none,49,58,60,Fail,Fail,Fail,Pass
948,male,group B,some high school,free/reduced,completed,49,50,52,Fail,Fail,Fail,Fail
949,female,group E,high school,free/reduced,completed,57,75,73,Pass,Fail,Pass,Pass
950,male,group E,high school,standard,none,94,73,71,Pass,Pass,Pass,Pass
951,female,group D,some college,standard,completed,75,77,83,Pass,Pass,Pass,Pass
952,female,group E,some high school,free/reduced,none,74,74,72,Pass,Pass,Pass,Pass
953,male,group C,high school,standard,completed,58,52,54,Fail,Fail,Fail,Fail
954,female,group C,some college,standard,none,62,69,69,Pass,Pass,Pass,Pass
955,male,group E,associate's degree,standard,none,72,57,62,Pass,Pass,Fail,Pass
956,male,group C,some college,standard,none,84,87,81,Pass,Pass,Pass,Pass
957,female,group D,master's degree,standard,none,92,100,100,Pass,Pass,Pass,Pass
958,female,group D,high school,standard,none,45,63,59,Pass,Fail,Pass,Fail
959,male,group C,high school,standard,none,75,81,71,Pass,Pass,Pass,Pass
960,female,group A,some college,standard,none,56,58,64,Pass,Fail,Fail,Pass
961,female,group D,some high school,free/reduced,none,48,54,53,Fail,Fail,Fail,Fail
962,female,group E,associate's degree,standard,none,100,100,100,Pass,Pass,Pass,Pass
963,female,group C,some high school,free/reduced,completed,65,76,75,Pass,Pass,Pass,Pass
964,male,group D,some college,standard,none,72,57,58,Fail,Pass,Fail,Fail
965,female,group D,some college,standard,none,62,70,72,Pass,Pass,Pass,Pass
966,male,group A,some high school,standard,completed,66,68,64,Pass,Pass,Pass,Pass
967,male,group C,some college,standard,none,63,63,60,Pass,Pass,Pass,Pass
968,female,group E,associate's degree,standard,none,68,76,67,Pass,Pass,Pass,Pass
969,female,group B,bachelor's degree,standard,none,75,84,80,Pass,Pass,Pass,Pass
970,female,group D,bachelor's degree,standard,none,89,100,100,Pass,Pass,Pass,Pass
971,male,group C,some high school,standard,completed,78,72,69,Pass,Pass,Pass,Pass
972,female,group A,high school,free/reduced,completed,53,50,60,Fail,Fail,Fail,Pass
973,female,group D,some college,free/reduced,none,49,65,61,Pass,Fail,Pass,Pass
974,female,group A,some college,standard,none,54,63,67,Pass,Fail,Pass,Pass
975,female,group C,some college,standard,completed,64,82,77,Pass,Pass,Pass,Pass
976,male,group B,some college,free/reduced,completed,60,62,60,Pass,Pass,Pass,Pass
977,male,group C,associate's degree,standard,none,62,65,58,Pass,Pass,Pass,Fail
978,male,group D,high school,standard,completed,55,41,48,Fail,Fail,Fail,Fail
979,female,group C,associate's degree,standard,none,91,95,94,Pass,Pass,Pass,Pass
980,female,group B,high school,free/reduced,none,8,24,23,Fail,Fail,Fail,Fail
981,male,group D,some high school,standard,none,81,78,78,Pass,Pass,Pass,Pass
982,male,group B,some high school,standard,completed,79,85,86,Pass,Pass,Pass,Pass
983,female,group A,some college,standard,completed,78,87,91,Pass,Pass,Pass,Pass
984,female,group C,some high school,standard,none,74,75,82,Pass,Pass,Pass,Pass
985,male,group A,high school,standard,none,57,51,54,Fail,Fail,Fail,Fail
986,female,group C,associate's degree,standard,none,40,59,51,Fail,Fail,Fail,Fail
987,male,group E,some high school,standard,completed,81,75,76,Pass,Pass,Pass,Pass
988,female,group A,some high school,free/reduced,none,44,45,45,Fail,Fail,Fail,Fail
989,female,group D,some college,free/reduced,completed,67,86,83,Pass,Pass,Pass,Pass
990,male,group E,high school,free/reduced,completed,86,81,75,Pass,Pass,Pass,Pass
991,female,group B,some high school,standard,completed,65,82,78,Pass,Pass,Pass,Pass
992,female,group D,associate's degree,free/reduced,none,55,76,76,Pass,Fail,Pass,Pass
993,female,group D,bachelor's degree,free/reduced,none,62,72,74,Pass,Pass,Pass,Pass
994,male,group A,high school,standard,none,63,63,62,Pass,Pass,Pass,Pass
995,female,group E,master's degree,standard,completed,88,99,95,Pass,Pass,Pass,Pass
996,male,group C,high school,free/reduced,none,62,55,55,Fail,Pass,Fail,Fail
997,female,group C,high school,free/reduced,completed,59,71,65,Pass,Fail,Pass,Pass
998,female,group D,some college,standard,completed,68,78,77,Pass,Pass,Pass,Pass
999,female,group D,some college,free/reduced,none,77,86,86,Pass,Pass,Pass,Pass
